INSERT INTO secteur VALUES (1, 'Ahuntsic-Cartierville');
INSERT INTO secteur VALUES (2, 'Anjou');
INSERT INTO secteur VALUES (3, 'Côte-des-Neiges–Notre-Dame-de-Grâce');
INSERT INTO secteur VALUES (4, 'LaSalle');
INSERT INTO secteur VALUES (5, 'Lachine');
INSERT INTO secteur VALUES (6, 'Le Plateau-Mont-Royal');
INSERT INTO secteur VALUES (7, 'Le Sud-Ouest');
INSERT INTO secteur VALUES (8, 'L\'Île-Bizard–Sainte-Geneviève');
INSERT INTO secteur VALUES (9, 'Mercier–Hochelaga-Maisonneuve');
INSERT INTO secteur VALUES (10, 'Montréal-Nord');
INSERT INTO secteur VALUES (11, 'Outremont');
INSERT INTO secteur VALUES (12, 'Pierrefonds-Roxboro');
INSERT INTO secteur VALUES (13, 'Rivière-des-Prairies–Pointe-aux-Trembles');
INSERT INTO secteur VALUES (14, 'Rosemont–La Petite-Patrie');
INSERT INTO secteur VALUES (15, 'Saint-Laurent');
INSERT INTO secteur VALUES (16, 'Saint-Léonard');
INSERT INTO secteur VALUES (17, 'Verdun');
INSERT INTO secteur VALUES (18, 'Ville-Marie');
INSERT INTO secteur VALUES (19, 'Villeray–Saint-Michel–Parc-Extension');

INSERT INTO client VALUES ('607-291-317', 'Ferdinand', 'Rio', '1978/11/07', '5355 Eadie St', 7);
INSERT INTO client VALUES ('115-326-381', 'Sheringham', 'Teddy', '1966/04/02', '8225 Le Creusot St', 16);
INSERT INTO client VALUES ('112-905-385', 'Vieira', 'Patrick', '1976/06/23', '5250 Amiens St', 10);
INSERT INTO client VALUES ('260-248-059', 'Forlán', 'Diego', '1979/05/19', '9850 la Martinière St', 13);
INSERT INTO client VALUES ('730-935-046', 'Maldini', 'Paolo', '1968/06/26', '2970 Omer-Ravary St', 9);
INSERT INTO client VALUES ('191-283-192', 'van Persie', 'Robin', '1983/08/06', '450 Henri-Bourassa Blvd W', 1);
INSERT INTO client VALUES ('204-777-213', 'Zidane', 'Zinedine', '1972/06/23', '8115 Avenue Papineau', 9);
INSERT INTO client VALUES ('487-206-662', 'Pirlo', 'Andrea', '1979/05/19', '12001 Boulevard Maurice-Duplessis', 13);
INSERT INTO client VALUES ('503-666-305', 'Schweinsteiger', 'Bastian', '1984/08/01', '4631 St Laurent Blvd', 6);
INSERT INTO client VALUES ('260-248-065', 'Pogba', 'Paul', '1984/08/02', '106A Avenue Anselme-Lavigne', 12);

INSERT INTO benevole VALUES ('966-325-284', 'Abel', 'Sid', '6205 des Grandes Prairies Blvd', 1, 16);
INSERT INTO benevole VALUES ('519-990-436', 'Bathgate', 'Andy', '3140 Rue Beaubien E', 1, 14);
INSERT INTO benevole VALUES ('639-881-408', 'Beliveau', 'Jean', '2225 Boul Crémazie E', 1, 19);
INSERT INTO benevole VALUES ('195-434-394', 'Bossy', 'Mike', '9394 Boulevard de l\'Acadie', 1, 1);
INSERT INTO benevole VALUES ('286-332-366', 'Bourque', 'Ray', '3131 Boulevard Cote-Vertu Ouest', 1, 15);
INSERT INTO benevole VALUES ('148-645-450', 'Coffey', 'Paul', '10200 Rue Renaude-Lapointe', 1, 2);
INSERT INTO benevole VALUES ('230-465-734', 'Crosby', 'Sidney', '2900 Edouard Montpetit Blvd', 1, 11);
INSERT INTO benevole VALUES ('353-421-795', 'Howe', 'Gordie', '4189 Sources Blvd', 1, 12);
INSERT INTO benevole VALUES ('358-230-084', 'Hull', 'Brett', '3459 Ontario St E', 1, 9);
INSERT INTO benevole VALUES ('250-796-554', 'Lach', 'Elmer', '6825 Côte-des-Neiges Rd', 1, 11);

INSERT INTO demande VALUES (1, '2020/01/05 10:00', 'Epicerie', '730-935-046');
INSERT INTO demande VALUES (2, '2020/01/06 08:30', 'Epicerie', '191-283-192');
INSERT INTO demande VALUES (3, '2020/01/07 12:30', 'Epicerie', '204-777-213');
INSERT INTO demande VALUES (4, '2020/01/08 16:45', 'Epicerie', '191-283-192');
INSERT INTO demande VALUES (5, '2020/01/09 13:00', 'Medecin', '730-935-046');
INSERT INTO demande VALUES (6, '2020/01/10 11:00', 'Epicerie', '487-206-662');
INSERT INTO demande VALUES (7, '2020/01/11 12:15', 'Epicerie', '607-291-317');
INSERT INTO demande VALUES (8, '2020/01/12 16:00', 'Epicerie', '204-777-213');
INSERT INTO demande VALUES (9, '2020/01/13 14:00', 'Marche', '487-206-662');
INSERT INTO demande VALUES (10, '2020/01/14 11:30', 'Bain', '607-291-317');
INSERT INTO demande VALUES (11, '2020/01/15 10:30', 'Ménage','503-666-305');
INSERT INTO demande VALUES (12, '2020/01/16 11:30', 'Médecin','730-935-046');
INSERT INTO demande VALUES (13, '2020/01/17 12:30', 'Promenade','260-248-065');
INSERT INTO demande VALUES (14, '2020/01/18 14:30', 'Bain','204-777-213');
INSERT INTO demande VALUES (15, '2020/01/19 09:30', 'Ménage','487-206-662');
INSERT INTO demande VALUES (16, '2020/01/20 11:30', 'Lessive','487-206-662');
INSERT INTO demande VALUES (17, '2020/01/21 11:30', 'Repassage','607-291-317');
INSERT INTO demande VALUES (18, '2020/01/22 15:30', 'Repassage','204-777-213');
INSERT INTO demande VALUES (19, '2020/01/23 17:30', 'Bain','191-283-192');
INSERT INTO demande VALUES (20, '2020/01/24 09:00', 'Bain','260-248-065');
INSERT INTO demande VALUES (21, '2020/01/25 09:45', 'Epicerie','730-935-046');
INSERT INTO demande VALUES (22, '2020/01/26 09:40', 'Médecin','607-291-317');
INSERT INTO demande VALUES (23, '2020/01/27 08:45', 'Repassage','607-291-317');
INSERT INTO demande VALUES (24, '2020/01/26 08:45', 'Ménage','730-935-046');
INSERT INTO demande VALUES (25, '2020/01/29 13:30', 'Ménage','607-291-317');
INSERT INTO demande VALUES (26, '2020/01/30 10:30', 'Epicerie','191-283-192');
INSERT INTO demande VALUES (27, '2020/01/31 12:30', 'Medecin', '730-935-046');
INSERT INTO demande VALUES (28, '2020/02/01 09:30', 'Marche','607-291-317');
INSERT INTO demande VALUES (29, '2020/02/02 08:30', 'Medecin','112-905-385');
INSERT INTO demande VALUES (30, '2020/02/03 14:30', 'Medecin','607-291-317');
INSERT INTO demande VALUES (31, '2020/02/04 13:00', 'Epicerie', '503-666-305');
INSERT INTO demande VALUES (32, '2020/02/05 11:00', 'Epicerie', '204-777-213');
INSERT INTO demande VALUES (33, '2020/02/06 13:50', 'Epicerie', '607-291-317');
INSERT INTO demande VALUES (34, '2020/02/07 12:20', 'Epicerie', '730-935-046');
INSERT INTO demande VALUES (35, '2020/02/08 12:00', 'Epicerie', '730-935-046');
INSERT INTO demande VALUES (36, '2020/02/09 09:00', 'Menage', '607-291-317');
INSERT INTO demande VALUES (37, '2020/02/10 16:00', 'Epicerie', '607-291-317');
INSERT INTO demande VALUES (38, '2020/02/11 10:00', 'Medecin', '487-206-662');
INSERT INTO demande VALUES (39, '2020/02/12 11:00', 'Epicerie', '503-666-305');
INSERT INTO demande VALUES (40, '2020/02/13 13:00', 'Epicerie', '730-935-046');
INSERT INTO demande VALUES (41, '2020/02/14 16:00', 'Epicerie', '204-777-213');
INSERT INTO demande VALUES (42, '2020/02/15 16:30', 'Bain', '607-291-317');
INSERT INTO demande VALUES (43, '2020/02/16 15:30', 'Epicerie', '204-777-213');
INSERT INTO demande VALUES (44, '2020/02/17 11:30', 'Epicerie', '112-905-385');
INSERT INTO demande VALUES (45, '2020/02/18 11:00', 'Epicerie', '191-283-192');
INSERT INTO demande VALUES (46, '2020/02/19 12:00', 'Epicerie', '487-206-662');
INSERT INTO demande VALUES (47, '2020/02/20 17:00', 'Epicerie', '730-935-046');
INSERT INTO demande VALUES (48, '2020/02/21 10:00', 'Menage', '204-777-213');
INSERT INTO demande VALUES (49, '2020/02/22 17:50', 'Epicerie', '260-248-065');
INSERT INTO demande VALUES (50, '2020/02/23 12:00', 'Epicerie', '607-291-317');

INSERT INTO equipe VALUES (11, 1, '966-325-284', '519-990-436', 16);
INSERT INTO equipe VALUES (22, 1, '639-881-408', '195-434-394', 1);
INSERT INTO equipe VALUES (33, 1, '286-332-366', '148-645-450', 2);
INSERT INTO equipe VALUES (44, 1, '230-465-734', '353-421-795', 12);
INSERT INTO equipe VALUES (55, 1, '358-230-084', '250-796-554', 11);

INSERT INTO voiture VALUES ('A12QW6', 'Honda', '2017','COMPACT', '966-325-284', 11);
INSERT INTO voiture VALUES ('B22TH9', 'Toyota', '2018', 'SUV', '639-881-408', 22);
INSERT INTO voiture VALUES ('M54SS7', 'Ford', '2019', 'PICKUP', '286-332-366', 33);
INSERT INTO voiture VALUES ('V99PI6', 'Toyota', '2016', 'SUV', '230-465-734', 44);
INSERT INTO voiture VALUES ('T22DS5', 'Honda', '2015', 'COMPACT', '358-230-084', 55);

INSERT INTO commentaire VALUES (1, '2020/02/20 15:30', 'Remerciement', '730-935-046');
INSERT INTO commentaire VALUES (2, '2020/02/20 15:30', 'Plainte', '487-206-662' );
INSERT INTO commentaire VALUES (3, '2020/02/21 10:30', 'Autres', '730-935-046' );
INSERT INTO commentaire VALUES (4, '2020/03/10 09:30', 'Remerciement', '112-905-385');
INSERT INTO commentaire VALUES (5, '2020/03/11 10:55', 'Remerciement', '487-206-662');
INSERT INTO commentaire VALUES (6, '2020/03/20 08:30', 'Autre', '191-283-192' );
INSERT INTO commentaire VALUES (7, '2020/03/20 15:30', 'Remerciement', '112-905-385');
INSERT INTO commentaire VALUES (8, '2020/03/20 15:30', 'Plainte', '730-935-046');
INSERT INTO commentaire VALUES (9, '2020/04/01 15:30', 'Remerciement', '503-666-305');
INSERT INTO commentaire VALUES (101,'2018-07-05 11:00', 'Mauvais service', '112-905-385');
INSERT INTO commentaire VALUES (102,'2016-05-23 09:00', 'Saleté véhicule', '260-248-059');
INSERT INTO commentaire VALUES (103,'2019-04-15 13:00', 'Ponctualité', '607-291-317');

INSERT INTO accompagnement VALUES (1001, '2017/02/23 08:00', '2017/02/23 10:00', 'Epicerie', '639-881-408', '607-291-317', 22);
INSERT INTO accompagnement VALUES (1002, '2019/10/07 09:00', '2019/10/07 12:00', 'Hopital', '230-465-734', '115-326-381', 44);
INSERT INTO accompagnement VALUES (1003, '2018/06/15 10:00', '2018/06/15 11:30', 'SupportDomicile', '250-796-554', '112-905-385', 55);
INSERT INTO accompagnement VALUES (1004, '2016/04/02 11:00', '2016/04/02 14:00', 'Banque', '286-332-366', '260-248-059', 33);
INSERT INTO accompagnement VALUES (1005, '2019/12/12 12:00', '2019/12/12 13:00', 'Epicerie', '966-325-284', '730-935-046', 11);
INSERT INTO accompagnement VALUES (1006, '2019/03/03 13:00', '2019/03/03 18:00', 'SupportDomicile', '195-434-394', '607-291-317', 22);
INSERT INTO accompagnement VALUES (1007, '2017/11/06 14:00', '2017/11/06 17:30', 'SupportDomicile', '353-421-795', '115-326-381', 44);
INSERT INTO accompagnement VALUES (1008, '2019/09/08 15:00', '2019/09/08 16:00', 'Banque', '358-230-084', '112-905-385', 55);
INSERT INTO accompagnement VALUES (1009, '2018/01/18 16:00', '2018/01/18 19:00', 'Epicerie', '286-332-366', '260-248-059', 33);
INSERT INTO accompagnement VALUES (1010, '2020/01/05 17:00', '2020/01/05 18:30', 'Hopital', '966-325-284', '730-935-046', 11);
